TokenCounterBarrier,BarrierClass
Barrier,BarrierClass
TokenCounterClient,ClientTokenCounter
Client,ClientTokenCounter
TokenCounterController,ControllerClass
Controller,ControllerClass
TokenCounterJoiner,JoinerClass
Joiner,JoinerClass
TokenCounterKeyValue,KeyValueClass
KeyValue,KeyValueClass
TokenCounterMapperFactory,MapperFactory
DistributedTokenCounter,ModelClass
TokenCounter,ModelClass
RemoteTokenCounter,ModelClass
TokenCounterPartitioner,PartitionerClass
TokenCounterPartitionerFactory,PartitionerFactory
TokenCounterReducer,ReducerClass
Reducer,ReducerClass
TokenCounterReducerFactory,ReducerFactory
IntegerSummerServer,ServerIntegerSummer
TokenCounterServer,ServerTokenCounter
TokenCounterSlave,SlaveClass
Slave,SlaveClass
DistributedTokenCounter,StandAloneTokenCounter
TokenCounter,StandAloneTokenCounter
RemoteTokenCounter,StandAloneTokenCounter
TokenCounterMapper,TokenCountingMapperClass
Mapper,TokenCountingMapperClass
TokenCounterView,ViewClass
View,ViewClass
PropertyChangeListener,ViewClass
